Actual,Predicted
aer,aer
aer,aer
aer,aer
qtn_sim,qtn_sim
aer,aer
aer,aer
aer,aer
aer,aer
aer,aer
aer,aer
aer,aer
aer,aer
aer,aer
aer,aer
aer,aer
aer,aer
aer,aer
aer,aer
aer,aer
aer,aer
aer,aer
aer,aer
aer,aer
aer,aer
quimb,quimb
aer,aer
aer,aer
qtn_sim,qtn_sim
qtn_sim,qtn_sim
aer,aer
aer,aer
aer,aer
aer,aer
aer,aer
aer,aer
aer,aer
qtn_sim,qtn_sim
aer,aer
aer,aer
aer,aer
aer,aer
aer,aer
aer,aer
aer,aer
aer,aer
aer,aer
sqlite,sqlite
qtn_sim,qtn_sim
aer,aer
qtn_sim,qtn_sim
aer,aer
aer,aer
aer,aer
qtn_sim,qtn_sim
aer,aer
aer,aer
aer,aer
aer,aer
aer,aer
aer,aer
aer,aer
aer,aer
aer,aer
aer,aer
aer,aer
qtn_sim,qtn_sim
aer,aer
aer,aer
aer,aer
aer,aer
aer,aer
aer,aer
aer,aer
aer,aer
aer,aer
aer,aer
qtn_sim,qtn_sim
aer,aer
aer,aer
aer,aer
aer,aer
qtn_sim,qtn_sim
aer,aer
aer,aer
aer,aer
qtn_sim,qtn_sim
aer,aer
aer,aer
qtn_sim,qtn_sim
aer,aer
aer,aer
aer,aer
aer,aer
aer,aer
aer,aer
aer,aer
aer,aer
aer,aer
aer,aer
aer,aer
